{
  "data":[
    {"data":[36,18,4,18,22,35,30,20,27,2,31,24,30,35,24,20,12,7,15,14,37,18,10,13,37,29,3,37,13,21],"name":"序列1","paras":"","type":"line"},
    {"data":[13,29,16,33,21,31,35,25,45,6,44,35,8,28,15,34,34,29,13,25,39,20,36,20,22,15,32,42,10,17],"name":"序列2","paras":"","type":"line"},
    {"data":[9,41,13,17,40,25,15,27,22,21,6,18,37,37,22,5,10,44,12,31,35,32,19,32,16,9,37,13,29,32],"name":"序列3","paras":"","type":"line"}
  ],
  "BOList": [
    {
      "type":"Person",
      "key":"name",
      "data":[
        {"phone":"13599530062","name":"马丁","age":"43"},
        {"phone":"13690930062","name":"路德","age":"23"}
      ],
      "paras":""
    },
    {
      "type":"product",
      "key":"ID",
      "data":[
        {},
        {}
      ],
      "paras":""
    },
    "selectOptionList":[
      {"gender":"'1:男','0:女'"},
      {"reqion": "'dongbei:东北','huabei:华北','xinan：西南','xibei：西北','huadong：华东'"},
      {"hometown": "'1:北京','2:上海','3：天津','4：山东','5：浙江','6：江苏'"}
    ],
  "pageURL":"",
  "ComponentID":"dynamicSetLine1",
  protocol: {
      "BOEditorItemComponents":"input,select,select,input,date,radio,checkbox,slider,input textarea,color,inputNumber,input password",
      "selectOptionList":{
        "hometown":"'1:北京','2:上海','3：天津','4：山东','5：浙江','6：江苏'",
        "gender":"'1:男','0:女'",
        "region":"'dongbei:东北','huabei:华北','xinan：西南','xibei：西北','huadong：华东'",
      },
      "data":[],
      "BOKeyAlias":"姓名,性别,籍贯,家庭住址,生日,销售区域,负责产品, 个人业绩,个人简历,喜欢的颜色,上年销售指标,内网密码",
      "MajorBOMappingSelectOption":"gender:gender,region:region,hometown:hometown",
      "BOList":[],
      "BOKeyTypes":"String,int,String,String,date,String,String,int,String,String,int,String",
      "BOKeys":"name,gender,hometown,address,birthday,saleregion,productInCharge,salesperformance,biography,colorInterest,lastYearQuota,intranetPassword"}
    }
}

